model,top1,top1_err,top5,top5_err,param_count,img_size,crop_pct,interpolation,top1_diff,top5_diff,rank_diff
eva02_large_patch14_448.mim_m38m_ft_in22k_in1k,91.129,8.871,98.713,1.287,305.08,448,1.0,bicubic,1.077,-0.335,0
eva_giant_patch14_336.clip_ft_in1k,91.058,8.942,98.602,1.399,"1,013.01",336,1.0,bicubic,1.592,-0.224,5
eva02_large_patch14_448.mim_in22k_ft_in22k_in1k,91.022,8.978,98.683,1.317,305.08,448,1.0,bicubic,1.052,-0.329,-1
eva_giant_patch14_560.m30m_ft_in22k_in1k,90.969,9.031,98.672,1.328,"1,014.45",560,1.0,bicubic,1.183,-0.32,-1
eva02_large_patch14_448.mim_in22k_ft_in1k,90.92,9.08,98.685,1.315,305.08,448,1.0,bicubic,1.298,-0.265,-1
eva_giant_patch14_336.m30m_ft_in22k_in1k,90.907,9.093,98.661,1.339,"1,013.01",336,1.0,bicubic,1.341,-0.291,0
eva_large_patch14_336.in22k_ft_in1k,90.905,9.095,98.785,1.215,304.53,336,1.0,bicubic,2.235,0.063,6
eva_giant_patch14_224.clip_ft_in1k,90.9,9.1,98.68,1.319,"1,012.56",224,0.9,bicubic,2.02,0.0,1
eva02_base_patch14_448.mim_in22k_ft_in22k_in1k,90.896,9.104,98.802,1.198,87.12,448,1.0,bicubic,2.206,0.078,2
eva02_large_patch14_448.mim_m38m_ft_in1k,90.89,9.11,98.653,1.347,305.08,448,1.0,bicubic,1.316,-0.271,-5
eva_large_patch14_336.in22k_ft_in22k_in1k,90.862,9.138,98.715,1.285,304.53,336,1.0,bicubic,1.656,-0.139,-3
eva02_base_patch14_448.mim_in22k_ft_in1k,90.8,9.2,98.742,1.258,87.12,448,1.0,bicubic,2.548,0.178,14
caformer_b36.sail_in22k_ft_in1k_384,90.781,9.219,98.86,1.14,98.75,384,1.0,bicubic,2.723,0.278,21
beit_large_patch16_512.in22k_ft_in22k_in1k,90.687,9.313,98.753,1.247,305.67,512,1.0,bicubic,2.091,0.097,1
convnext_large_mlp.clip_laion2b_soup_ft_in12k_in1k_384,90.678,9.322,98.813,1.187,200.13,384,1.0,bicubic,2.372,0.231,8
convnext_large_mlp.clip_laion2b_augreg_ft_in1k_384,90.633,9.367,98.755,1.245,200.13,384,1.0,bicubic,2.785,0.309,24
beit_large_patch16_384.in22k_ft_in22k_in1k,90.606,9.394,98.766,1.234,305.00,384,1.0,bicubic,2.204,0.158,-1
maxvit_rmlp_base_rw_384.sw_in12k_ft_in1k,90.584,9.416,98.617,1.383,116.14,384,1.0,bicubic,2.756,0.245,22
maxvit_base_tf_512.in21k_ft_in1k,90.561,9.439,98.702,1.298,119.88,512,1.0,bicubic,2.341,0.172,7
eva_large_patch14_196.in22k_ft_in22k_in1k,90.557,9.443,98.698,1.302,304.14,196,1.0,bicubic,1.983,0.04,-8
vit_large_patch14_clip_336.openai_ft_in12k_in1k,90.542,9.458,98.687,1.313,304.53,336,1.0,bicubic,2.274,0.161,-3
convnext_large_mlp.clip_laion2b_soup_ft_in12k_in1k_320,90.54,9.46,98.806,1.194,200.13,320,1.0,bicubic,2.582,0.331,8
tf_efficientnet_l2.ns_jft_in1k_475,90.537,9.463,98.71,1.29,480.31,475,0.936,bicubic,2.303,0.164,-2
eva_large_patch14_196.in22k_ft_in1k,90.535,9.465,98.77,1.23,304.14,196,1.0,bicubic,2.603,0.272,7
maxvit_xlarge_tf_512.in21k_ft_in1k,90.503,9.497,98.576,1.424,475.77,512,1.0,bicubic,1.965,-0.068,-14
vit_huge_patch14_clip_336.laion2b_ft_in12k_in1k,90.501,9.499,98.631,1.369,632.46,336,1.0,bicubic,1.909,-0.031,-17
convnext_xlarge.fb_in22k_ft_in1k_384,90.495,9.505,98.768,1.232,350.20,384,1.0,bicubic,2.743,0.212,9
caformer_m36.sail_in22k_ft_in1k_384,90.46,9.54,98.668,1.332,56.20,384,1.0,bicubic,3.014,0.36,18
convformer_b36.sail_in22k_ft_in1k_384,90.448,9.552,98.772,1.228,99.88,384,1.0,bicubic,2.846,0.338,10
maxxvitv2_rmlp_base_rw_384.sw_in12k_ft_in1k,90.444,9.556,98.749,1.251,116.09,384,1.0,bicubic,2.98,0.375,14
caformer_b36.sail_in22k_ft_in1k,90.431,9.569,98.764,1.236,98.75,224,1.0,bicubic,3.011,0.436,16
vit_large_patch14_clip_336.laion2b_ft_in12k_in1k,90.428,9.572,98.642,1.358,304.53,336,1.0,bicubic,2.248,0.07,-8
vit_huge_patch14_clip_224.laion2b_ft_in12k_in1k,90.418,9.582,98.644,1.356,632.05,224,1.0,bicubic,2.162,0.092,-16
vit_large_patch14_clip_224.openai_ft_in12k_in1k,90.382,9.618,98.659,1.341,304.20,224,1.0,bicubic,2.207,0.113,-10
maxvit_xlarge_tf_384.in21k_ft_in1k,90.379,9.621,98.582,1.418,475.32,384,1.0,bicubic,2.065,0.038,-22
coatnet_rmlp_2_rw_384.sw_in12k_ft_in1k,90.377,9.623,98.648,1.351,73.88,384,1.0,bicubic,2.995,0.337,12
beit_base_patch16_384.in22k_ft_in22k_in1k,90.367,9.633,98.725,1.275,86.74,384,1.0,bicubic,3.567,0.589,36
maxvit_large_tf_512.in21k_ft_in1k,90.362,9.638,98.642,1.358,212.33,512,1.0,bicubic,2.138,0.044,-19
maxvit_base_tf_384.in21k_ft_in1k,90.36,9.64,98.683,1.317,119.65,384,1.0,bicubic,2.438,0.139,-13
beitv2_large_patch16_224.in1k_ft_in22k_in1k,90.354,9.646,98.587,1.413,304.43,224,0.95,bicubic,1.96,-0.011,-32
vit_large_patch14_clip_336.laion2b_ft_in1k,90.332,9.668,98.597,1.403,304.53,336,1.0,bicubic,2.476,0.229,-13
convnext_base.clip_laion2b_augreg_ft_in12k_in1k_384,90.33,9.67,98.77,1.23,88.59,384,1.0,bicubic,3.196,0.548,10
maxvit_large_tf_384.in21k_ft_in1k,90.315,9.685,98.687,1.313,212.03,384,1.0,bicubic,2.329,0.119,-20
vit_large_patch14_clip_224.laion2b_ft_in12k_in1k,90.311,9.689,98.668,1.332,304.20,224,1.0,bicubic,2.417,0.26,-17
convnext_large_mlp.clip_laion2b_augreg_ft_in1k,90.309,9.691,98.651,1.349,200.13,256,1.0,bicubic,2.973,0.433,1
vit_large_patch14_clip_224.openai_ft_in1k,90.307,9.693,98.64,1.36,304.20,224,1.0,bicubic,2.453,0.214,-17
caformer_s36.sail_in22k_ft_in1k_384,90.305,9.695,98.794,1.206,39.30,384,1.0,bicubic,3.447,0.582,19
convnext_base.fb_in22k_ft_in1k_384,90.283,9.717,98.8,1.2,88.59,384,1.0,bicubic,3.487,0.536,23
convnext_large.fb_in22k_ft_in1k_384,90.279,9.721,98.659,1.341,197.77,384,1.0,bicubic,2.807,0.273,-10
deit3_large_patch16_384.fb_in22k_ft_in1k,90.247,9.753,98.625,1.375,304.76,384,1.0,bicubic,2.527,0.113,-17
dm_nfnet_f6.dm_in1k,90.241,9.759,98.625,1.375,438.36,576,0.956,bicubic,3.879,0.729,44
deit3_huge_patch14_224.fb_in22k_ft_in1k,90.226,9.774,98.64,1.36,632.13,224,1.0,bicubic,3.04,0.38,-1
vit_large_patch16_384.augreg_in21k_ft_in1k,90.213,9.787,98.661,1.339,304.72,384,1.0,bicubic,3.129,0.359,0
vit_base_patch16_clip_384.laion2b_ft_in1k,90.211,9.789,98.702,1.298,86.86,384,1.0,bicubic,3.593,0.694,21
convformer_m36.sail_in22k_ft_in1k_384,90.204,9.796,98.651,1.349,57.05,384,1.0,bicubic,3.312,0.535,8
tf_efficientnetv2_l.in21k_ft_in1k,90.202,9.798,98.719,1.281,118.52,480,1.0,bicubic,3.4,0.583,10
vit_base_patch16_clip_384.openai_ft_in12k_in1k,90.2,9.8,98.648,1.351,86.86,384,0.95,bicubic,3.174,0.466,-2
convformer_b36.sail_in22k_ft_in1k,90.189,9.811,98.695,1.304,99.88,224,1.0,bicubic,3.191,0.523,-3
vit_base_patch16_clip_384.laion2b_ft_in12k_in1k,90.189,9.811,98.585,1.415,86.86,384,1.0,bicubic,2.983,0.55,-13
cait_m48_448.fb_dist_in1k,90.189,9.811,98.484,1.516,356.46,448,1.0,bicubic,3.697,0.732,25
vit_huge_patch14_clip_224.laion2b_ft_in1k,90.181,9.819,98.544,1.456,632.05,224,1.0,bicubic,2.593,0.326,-28
beit_large_patch16_224.in22k_ft_in22k_in1k,90.149,9.851,98.725,1.275,304.43,224,0.9,bicubic,2.671,0.421,-29
beitv2_large_patch16_224.in1k_ft_in1k,90.1,9.9,98.439,1.561,304.43,224,0.95,bicubic,2.688,0.205,-24
tf_efficientnet_b7.ns_jft_in1k,90.098,9.902,98.614,1.386,66.35,600,0.949,bicubic,3.258,0.522,-2
vit_large_patch14_clip_224.laion2b_ft_in1k,90.095,9.905,98.555,1.445,304.20,224,1.0,bicubic,2.809,0.311,-21
convnext_xlarge.fb_in22k_ft_in1k,90.066,9.934,98.619,1.381,350.20,288,1.0,bicubic,2.736,0.291,-25
caformer_b36.sail_in1k_384,90.063,9.937,98.514,1.486,98.75,384,1.0,bicubic,3.655,0.7,19
cait_m36_384.fb_dist_in1k,90.051,9.949,98.495,1.505,271.22,384,1.0,bicubic,3.993,0.765,41
tiny_vit_21m_512.dist_in22k_ft_in1k,90.029,9.971,98.493,1.507,21.27,512,1.0,bicubic,3.571,0.609,12
tf_efficientnetv2_m.in21k_ft_in1k,90.025,9.975,98.666,1.334,54.14,480,1.0,bicubic,4.033,0.722,42
convformer_s36.sail_in22k_ft_in1k_384,90.023,9.977,98.619,1.381,40.01,384,1.0,bicubic,3.645,0.635,14
deit3_large_patch16_224.fb_in22k_ft_in1k,90.008,9.992,98.659,1.341,304.37,224,1.0,bicubic,3.026,0.423,-20
convnext_base.clip_laiona_augreg_ft_in1k_384,90.001,9.998,98.548,1.452,88.59,384,1.0,bicubic,3.499,0.58,2
vit_base_patch16_384.augreg_in21k_ft_in1k,89.989,10.011,98.678,1.322,86.86,384,1.0,bicubic,3.995,0.676,35
maxvit_base_tf_512.in1k,89.974,10.026,98.433,1.567,119.88,512,1.0,bicubic,3.372,0.515,-7
caformer_m36.sail_in1k_384,89.933,10.067,98.454,1.546,56.20,384,1.0,bicubic,3.767,0.634,20
maxvit_rmlp_base_rw_224.sw_in12k_ft_in1k,89.927,10.073,98.414,1.586,116.14,224,0.95,bicubic,3.033,0.4,-24
convnext_small.fb_in22k_ft_in1k_384,89.916,10.084,98.685,1.315,50.22,384,1.0,bicubic,4.138,0.795,43
efficientnet_b5.sw_in12k_ft_in1k,89.912,10.088,98.565,1.435,30.39,448,1.0,bicubic,4.016,0.829,33
deit3_base_patch16_384.fb_in22k_ft_in1k,89.891,10.11,98.602,1.399,86.88,384,1.0,bicubic,3.151,0.486,-19
convnext_large.fb_in22k_ft_in1k,89.876,10.124,98.593,1.407,197.77,288,1.0,bicubic,2.85,0.389,-39
tiny_vit_21m_384.dist_in22k_ft_in1k,89.863,10.137,98.499,1.501,21.23,384,1.0,bicubic,3.755,0.789,12
convnext_base.fb_in22k_ft_in1k,89.858,10.142,98.691,1.309,88.59,288,1.0,bicubic,3.584,0.599,-1
caformer_m36.sail_in22k_ft_in1k,89.852,10.148,98.585,1.415,56.20,224,1.0,bicubic,3.258,0.561,-21
cait_s36_384.fb_dist_in1k,89.835,10.165,98.427,1.573,68.37,384,1.0,bicubic,4.381,0.949,52
coatnet_2_rw_224.sw_in12k_ft_in1k,89.831,10.169,98.527,1.473,73.87,224,0.95,bicubic,3.267,0.631,-21
convformer_m36.sail_in22k_ft_in1k,89.818,10.182,98.548,1.452,57.05,224,1.0,bicubic,3.67,0.698,5
convnext_base.clip_laion2b_augreg_ft_in12k_in1k,89.811,10.188,98.668,1.332,88.59,256,1.0,bicubic,3.441,0.684,-11
maxvit_large_tf_512.in1k,89.799,10.201,98.33,1.67,212.33,512,1.0,bicubic,3.273,0.45,-25
vit_large_r50_s32_384.augreg_in21k_ft_in1k,89.792,10.208,98.522,1.478,329.09,384,1.0,bicubic,3.61,0.6,-4
tf_efficientnet_b6.ns_jft_in1k,89.786,10.214,98.508,1.492,43.04,528,0.942,bicubic,3.328,0.618,-20
coatnet_rmlp_2_rw_224.sw_in12k_ft_in1k,89.775,10.225,98.469,1.531,73.88,224,0.95,bicubic,3.271,0.575,-29
tf_efficientnetv2_xl.in21k_ft_in1k,89.773,10.227,98.288,1.712,208.12,512,1.0,bicubic,3.025,0.274,-40
maxxvitv2_rmlp_base_rw_224.sw_in12k_ft_in1k,89.752,10.248,98.484,1.516,116.09,224,0.95,bicubic,3.11,0.464,-38
beitv2_base_patch16_224.in1k_ft_in22k_in1k,89.743,10.257,98.585,1.415,86.53,224,0.9,bicubic,3.269,0.532,-27
dm_nfnet_f4.dm_in1k,89.741,10.259,98.409,1.591,316.07,512,0.951,bicubic,3.905,0.591,12
dm_nfnet_f5.dm_in1k,89.737,10.263,98.441,1.559,377.21,544,0.954,bicubic,3.637,0.753,-6
caformer_s18.sail_in22k_ft_in1k_384,89.72,10.28,98.578,1.422,26.34,384,1.0,bicubic,4.306,0.876,36
vit_base_patch8_224.augreg2_in21k_ft_in1k,89.718,10.283,98.51,1.49,86.58,224,0.9,bicubic,3.499,0.678,-21
convformer_m36.sail_in1k_384,89.718,10.283,98.435,1.565,57.05,384,1.0,bicubic,4.138,0.893,24
vit_base_patch16_clip_384.openai_ft_in1k,89.707,10.293,98.508,1.492,86.86,384,1.0,bicubic,3.501,0.632,-21
caformer_s36.sail_in22k_ft_in1k,89.701,10.3,98.638,1.362,39.30,224,1.0,bicubic,3.91,0.812,8
deit3_large_patch16_384.fb_in1k,89.688,10.312,98.39,1.61,304.76,384,1.0,bicubic,3.876,0.792,4
caformer_s36.sail_in1k_384,89.679,10.321,98.324,1.676,39.30,384,1.0,bicubic,3.937,0.652,9
convformer_b36.sail_in1k_384,89.658,10.342,98.379,1.621,99.88,384,1.0,bicubic,3.918,0.855,8
tf_efficientnet_b5.ns_jft_in1k,89.651,10.349,98.486,1.514,30.39,456,0.934,bicubic,3.563,0.73,-18
dm_nfnet_f3.dm_in1k,89.647,10.353,98.463,1.537,254.92,416,0.94,bicubic,3.961,0.893,9
convnext_base.clip_laion2b_augreg_ft_in1k,89.645,10.355,98.463,1.537,88.59,256,1.0,bicubic,3.487,0.783,-25
convnext_small.in12k_ft_in1k_384,89.598,10.402,98.48,1.52,50.22,384,1.0,bicubic,3.416,0.558,-31
maxvit_base_tf_384.in1k,89.589,10.411,98.32,1.68,119.65,384,1.0,bicubic,3.287,0.522,-38
tf_efficientnet_b8.ap_in1k,89.579,10.421,98.305,1.695,87.41,672,0.954,bicubic,4.215,1.013,28
vit_base_patch16_clip_224.laion2b_ft_in12k_in1k,89.566,10.434,98.42,1.58,86.57,224,0.95,bicubic,3.396,0.664,-33
maxvit_tiny_tf_512.in1k,89.562,10.438,98.335,1.665,31.05,512,1.0,bicubic,3.898,0.751,2
convformer_s18.sail_in22k_ft_in1k_384,89.553,10.447,98.531,1.469,26.77,384,1.0,bicubic,4.555,0.961,57
maxvit_large_tf_384.in1k,89.553,10.447,98.185,1.815,212.03,384,1.0,bicubic,3.323,0.497,-41
tf_efficientnetv2_l.in1k,89.54,10.46,98.339,1.661,118.52,480,1.0,bicubic,3.876,0.865,-1
flexivit_large.1200ep_in1k,89.534,10.466,98.414,1.586,304.36,240,0.95,bicubic,3.89,0.874,-1
flexivit_large.600ep_in1k,89.51,10.49,98.392,1.608,304.36,240,0.95,bicubic,3.97,0.904,1
cait_s24_384.fb_dist_in1k,89.504,10.496,98.362,1.638,47.06,384,1.0,bicubic,4.456,1.016,45
convformer_s36.sail_in22k_ft_in1k,89.496,10.505,98.454,1.546,40.01,224,1.0,bicubic,4.082,0.886,8
convformer_s36.sail_in1k_384,89.481,10.52,98.369,1.631,40.01,384,1.0,bicubic,4.103,0.893,10
convnext_tiny.in12k_ft_in1k_384,89.472,10.528,98.505,1.494,28.59,384,1.0,bicubic,4.35,0.9,30
inception_next_base.sail_in1k_384,89.453,10.547,98.345,1.655,86.67,384,1.0,bicubic,4.251,0.931,23
vit_base_patch16_224.augreg2_in21k_ft_in1k,89.446,10.554,98.441,1.559,86.57,224,0.9,bicubic,4.352,0.911,31
deit3_base_patch16_224.fb_in22k_ft_in1k,89.444,10.556,98.557,1.443,86.59,224,1.0,bicubic,3.744,0.811,-18
maxvit_small_tf_512.in1k,89.444,10.556,98.354,1.646,69.13,512,1.0,bicubic,3.36,0.59,-45
vit_base_patch8_224.augreg_in21k_ft_in1k,89.436,10.564,98.484,1.516,86.58,224,0.9,bicubic,3.638,0.694,-28
vit_base_patch32_clip_448.laion2b_ft_in12k_in1k,89.436,10.564,98.401,1.599,88.34,448,1.0,bicubic,3.656,0.763,-27
deit_base_distilled_patch16_384.fb_in1k,89.434,10.566,98.439,1.561,87.63,384,1.0,bicubic,4.01,1.033,-6
vit_base_patch16_clip_224.laion2b_ft_in1k,89.431,10.569,98.469,1.531,86.57,224,1.0,bicubic,3.961,0.893,-11
tf_efficientnet_b7.ap_in1k,89.431,10.569,98.345,1.655,66.35,600,0.949,bicubic,4.307,1.093,20
caformer_b36.sail_in1k,89.408,10.592,98.222,1.778,98.75,224,1.0,bicubic,3.904,0.912,-15
vit_base_patch16_clip_224.openai_ft_in12k_in1k,89.404,10.596,98.394,1.606,86.57,224,0.95,bicubic,3.462,0.666,-42
beit_base_patch16_224.in22k_ft_in22k_in1k,89.395,10.605,98.529,1.471,86.53,224,0.9,bicubic,4.183,0.871,7
regnetz_e8.ra3_in1k,89.378,10.622,98.459,1.542,57.70,320,1.0,bicubic,4.344,1.186,25
deit3_small_patch16_384.fb_in22k_ft_in1k,89.363,10.637,98.386,1.614,22.21,384,1.0,bicubic,4.539,0.9,39
tf_efficientnetv2_m.in1k,89.35,10.65,98.326,1.674,54.14,480,1.0,bicubic,4.146,0.962,5
vit_medium_patch16_gap_384.sw_in12k_ft_in1k,89.348,10.652,98.495,1.505,39.03,384,0.95,bicubic,3.818,0.859,-24
tf_efficientnet_b8.ra_in1k,89.348,10.652,98.305,1.695,87.41,672,0.954,bicubic,3.98,0.911,-10
tf_efficientnet_b6.ap_in1k,89.344,10.656,98.283,1.717,43.04,528,0.942,bicubic,4.556,1.145,38
eva02_small_patch14_336.mim_in22k_ft_in1k,89.333,10.667,98.377,1.623,22.13,336,1.0,bicubic,3.615,0.743,-38
caformer_s18.sail_in1k_384,89.331,10.669,98.294,1.706,26.34,384,1.0,bicubic,4.305,0.936,18
vit_large_patch16_224.augreg_in21k_ft_in1k,89.318,10.682,98.39,1.61,304.33,224,0.9,bicubic,3.482,0.726,-51
flexivit_large.300ep_in1k,89.31,10.69,98.324,1.676,304.36,240,0.95,bicubic,4.022,0.924,-12
tf_efficientnet_b4.ns_jft_in1k,89.301,10.699,98.345,1.655,19.34,380,0.922,bicubic,4.141,0.877,0
convnext_small.fb_in22k_ft_in1k,89.299,10.701,98.358,1.642,50.22,288,1.0,bicubic,4.037,0.676,-12
beitv2_base_patch16_224.in1k_ft_in1k,89.271,10.729,98.262,1.738,86.53,224,0.9,bicubic,3.677,0.756,-40
deit3_huge_patch14_224.fb_in1k,89.218,10.782,98.164,1.836,632.13,224,0.9,bicubic,3.994,0.804,-12
vit_base_patch32_clip_384.laion2b_ft_in12k_in1k,89.197,10.803,98.358,1.642,88.30,384,1.0,bicubic,3.831,0.698,-25
dm_nfnet_f2.dm_in1k,89.194,10.806,98.228,1.772,193.78,352,0.92,bicubic,4.002,0.882,-10
vit_base_patch16_clip_224.openai_ft_in1k,89.171,10.829,98.269,1.732,86.57,224,0.9,bicubic,3.879,0.832,-26
cait_xs24_384.fb_dist_in1k,89.147,10.852,98.292,1.708,26.67,384,1.0,bicubic,5.085,1.408,87
fastvit_ma36.apple_dist_in1k,89.124,10.876,98.142,1.857,44.07,256,0.95,bicubic,4.526,1.141,27
convformer_s18.sail_in1k_384,89.124,10.876,98.13,1.87,26.77,384,1.0,bicubic,4.722,1.018,57
maxvit_tiny_tf_384.in1k,89.111,10.889,98.211,1.789,30.98,384,1.0,bicubic,4.011,0.833,-12
maxvit_small_tf_384.in1k,89.109,10.891,98.164,1.836,69.02,384,1.0,bicubic,3.569,0.702,-50
tf_efficientnet_b7.ra_in1k,89.081,10.919,98.185,1.815,66.35,600,0.949,bicubic,4.149,0.977,1
tiny_vit_21m_224.dist_in22k_ft_in1k,89.077,10.923,98.236,1.764,21.20,224,0.95,bicubic,3.991,0.87,-12
vit_base_patch32_clip_384.openai_ft_in12k_in1k,89.045,10.955,98.281,1.719,88.30,384,0.95,bicubic,3.831,0.877,-30
convnext_small.in12k_ft_in1k,89.024,10.976,98.243,1.757,50.22,288,1.0,bicubic,3.694,0.697,-41
dm_nfnet_f1.dm_in1k,89.017,10.983,98.256,1.744,132.63,320,0.91,bicubic,4.315,1.074,8
convnext_large.fb_in1k,88.994,11.006,98.04,1.96,197.77,288,1.0,bicubic,4.148,0.826,-2
efficientnetv2_rw_m.agc_in1k,88.985,11.015,98.219,1.781,53.24,416,1.0,bicubic,4.175,1.067,-1
caformer_m36.sail_in1k,88.985,11.015,98.016,1.984,56.20,224,1.0,bicubic,3.753,0.816,-39
regnetz_d8_evos.ch_in1k,88.951,11.049,98.181,1.819,23.46,320,1.0,bicubic,4.825,1.169,60
edgenext_base.in21k_ft_in1k,88.942,11.057,98.279,1.721,18.51,320,1.0,bicubic,4.888,1.083,66
tf_efficientnet_b5.ap_in1k,88.942,11.057,98.166,1.834,30.39,456,0.934,bicubic,4.684,1.192,44
mvitv2_large.fb_in1k,88.936,11.064,97.965,2.035,217.99,224,0.9,bicubic,3.692,0.751,-47
caformer_s18.sail_in22k_ft_in1k,88.932,11.068,98.311,1.689,26.34,224,1.0,bicubic,4.858,1.113,60
deit3_base_patch16_384.fb_in1k,88.923,11.077,98.042,1.958,86.88,384,1.0,bicubic,3.849,0.768,-28
deit3_medium_patch16_224.fb_in22k_ft_in1k,88.919,11.081,98.296,1.704,38.85,224,1.0,bicubic,4.369,1.108,4
convnext_tiny.in12k_ft_in1k,88.906,11.094,98.309,1.691,28.59,288,1.0,bicubic,4.456,0.969,15
tf_efficientnetv2_s.in21k_ft_in1k,88.898,11.102,98.275,1.725,21.46,384,1.0,bicubic,4.612,1.023,34
vit_base_patch16_224.augreg_in21k_ft_in1k,88.868,11.132,98.232,1.768,86.57,224,0.9,bicubic,4.336,0.938,3
convnext_tiny.fb_in22k_ft_in1k_384,88.855,11.145,98.296,1.704,28.59,384,1.0,bicubic,4.767,1.152,52
regnetz_d8.ra3_in1k,88.853,11.147,98.189,1.81,23.37,320,1.0,bicubic,4.801,1.194,56
convformer_b36.sail_in1k,88.851,11.149,97.878,2.122,99.88,224,1.0,bicubic,4.033,0.932,-18
coatnet_rmlp_1_rw2_224.sw_in12k_ft_in1k,88.842,11.158,97.869,2.131,41.72,224,0.95,bicubic,3.932,0.911,-25
vit_small_r26_s32_384.augreg_in21k_ft_in1k,88.821,11.179,98.341,1.659,36.47,384,1.0,bicubic,4.773,1.013,52
vit_base_r50_s16_384.orig_in21k_ft_in1k,88.806,11.194,98.232,1.768,98.95,384,1.0,bicubic,3.83,0.942,-37
tf_efficientnet_b7.aa_in1k,88.804,11.196,98.057,1.943,66.35,600,0.949,bicubic,4.388,1.149,13
maxxvit_rmlp_small_rw_256.sw_in1k,88.795,11.205,98.064,1.937,66.01,256,0.95,bicubic,4.171,0.996,-18
fastvit_sa36.apple_dist_in1k,88.789,11.211,98.096,1.905,31.53,256,0.9,bicubic,4.763,1.242,47
convformer_m36.sail_in1k,88.787,11.213,97.769,2.231,57.05,224,1.0,bicubic,4.293,0.903,-7
convnext_base.fb_in1k,88.763,11.237,97.92,2.08,88.59,288,1.0,bicubic,4.335,0.952,1
deit3_large_patch16_224.fb_in1k,88.763,11.237,97.92,2.08,304.37,224,0.9,bicubic,3.989,0.884,-32
tf_efficientnet_b6.aa_in1k,88.759,11.241,98.066,1.934,43.04,528,0.942,bicubic,4.647,1.182,29
caformer_s36.sail_in1k,88.746,11.254,98.023,1.977,39.30,224,1.0,bicubic,4.24,1.027,-17
vit_base_patch16_224_miil.in21k_ft_in1k,88.742,11.258,98.027,1.973,86.54,224,0.875,bilinear,4.476,1.223,8
edgenext_base.usi_in1k,88.735,11.265,98.147,1.853,18.51,320,1.0,bicubic,4.777,1.377,38
convformer_s18.sail_in22k_ft_in1k,88.727,11.273,98.194,1.806,26.77,224,1.0,bicubic,4.989,1.146,65
davit_base.msft_in1k,88.701,11.299,97.874,2.127,87.95,224,0.95,bicubic,4.059,0.854,-39
regnetz_d32.ra3_in1k,88.652,11.348,98.078,1.922,27.58,320,0.95,bicubic,4.63,1.21,27
vit_small_patch16_384.augreg_in21k_ft_in1k,88.648,11.352,98.23,1.77,22.20,384,1.0,bicubic,4.844,1.13,47
flexivit_base.1200ep_in1k,88.648,11.352,97.935,2.065,86.59,240,0.95,bicubic,3.972,0.941,-43
mvitv2_base.fb_in1k,88.644,11.356,97.826,2.174,51.47,224,0.9,bicubic,4.194,0.968,-24
vit_medium_patch16_gap_256.sw_in12k_ft_in1k,88.633,11.367,98.189,1.81,38.86,256,0.95,bicubic,4.187,0.98,-25
davit_small.msft_in1k,88.631,11.369,97.953,2.047,49.75,224,0.95,bicubic,4.379,1.013,-4
maxvit_base_tf_224.in1k,88.588,11.412,97.85,2.15,119.47,224,0.95,bicubic,3.728,0.862,-62
efficientvit_b3.r288_in1k,88.562,11.438,97.707,2.293,48.65,288,1.0,bicubic,4.409,0.971,0
flexivit_base.600ep_in1k,88.545,11.455,97.933,2.067,86.59,240,0.95,bicubic,4.021,0.997,-47
maxvit_rmlp_small_rw_224.sw_in1k,88.522,11.478,97.773,2.227,64.90,224,0.9,bicubic,4.03,0.763,-44
coatnet_rmlp_2_rw_224.sw_in1k,88.513,11.487,97.566,2.434,73.88,224,0.95,bicubic,3.905,0.826,-60
efficientformerv2_l.snap_dist_in1k,88.509,11.491,97.963,2.037,26.32,224,0.95,bicubic,4.877,1.405,49
repvit_m2_3.dist_300e_in1k,88.503,11.497,97.942,2.058,23.69,224,0.95,bicubic,4.999,1.438,57
gcvit_base.in1k,88.501,11.499,97.769,2.231,90.32,224,0.875,bicubic,4.056,0.687,-42
repvit_m2_3.dist_450e_in1k,88.488,11.512,98.059,1.941,23.69,224,0.95,bicubic,4.746,1.415,31
convformer_s36.sail_in1k,88.486,11.514,97.763,2.237,40.01,224,1.0,bicubic,4.426,1.017,-7
flexivit_base.300ep_in1k,88.479,11.521,97.846,2.154,86.59,240,0.95,bicubic,4.073,0.962,-38
efficientnetv2_rw_s.ra2_in1k,88.469,11.531,97.978,2.022,23.94,384,1.0,bicubic,4.663,1.246,17
fastvit_sa24.apple_dist_in1k,88.46,11.54,97.957,2.043,21.55,256,0.9,bicubic,5.118,1.405,69
maxvit_large_tf_224.in1k,88.46,11.54,97.809,2.191,211.79,224,0.95,bicubic,3.518,0.839,-94
maxvit_small_tf_224.in1k,88.456,11.544,97.88,2.12,68.93,224,0.95,bicubic,4.03,1.056,-48
cait_s24_224.fb_dist_in1k,88.443,11.557,97.961,2.039,46.92,224,1.0,bicubic,5.001,1.387,52
vit_large_r50_s32_224.augreg_in21k_ft_in1k,88.432,11.568,98.083,1.917,328.99,224,0.9,bicubic,4.014,0.911,-54
inception_next_base.sail_in1k,88.432,11.568,97.773,2.227,86.67,224,0.95,bicubic,4.34,0.977,-24
tf_efficientnet_b3.ns_jft_in1k,88.428,11.572,98.031,1.968,12.23,300,0.904,bicubic,4.376,1.113,-20
tf_efficientnetv2_s.in1k,88.409,11.591,97.927,2.073,21.46,384,1.0,bicubic,4.511,1.231,-11
convnext_small.fb_in1k,88.407,11.593,98.012,1.988,50.22,288,1.0,bicubic,4.707,1.204,18
tf_efficientnet_b5.aa_in1k,88.407,11.593,97.931,2.069,30.39,456,0.934,bicubic,4.719,1.219,19
vit_base_patch16_384.orig_in21k_ft_in1k,88.392,11.608,98.16,1.84,86.86,384,1.0,bicubic,4.192,0.942,-41
regnetz_c16_evos.ch_in1k,88.381,11.619,98.04,1.96,13.49,320,0.95,bicubic,5.745,1.566,121
efficientnet_b4.ra2_in1k,88.366,11.634,97.961,2.039,19.34,384,1.0,bicubic,4.952,1.363,38
fastvit_ma36.apple_in1k,88.358,11.643,97.923,2.077,44.07,256,0.95,bicubic,4.475,1.181,-18
maxvit_rmlp_tiny_rw_256.sw_in1k,88.355,11.645,97.82,2.18,29.15,256,0.95,bicubic,4.131,0.952,-50
tf_efficientnet_b4.ap_in1k,88.347,11.653,97.891,2.109,19.34,380,0.922,bicubic,5.097,1.495,52
deit3_small_patch16_224.fb_in22k_ft_in1k,88.338,11.662,98.132,1.868,22.06,224,1.0,bicubic,5.262,1.356,71
efficientvit_b3.r256_in1k,88.319,11.681,97.56,2.44,48.65,256,1.0,bicubic,4.517,1.044,-11
tf_efficientnet_b5.ra_in1k,88.313,11.687,97.914,2.086,30.39,456,0.934,bicubic,4.499,1.162,-17
cs3se_edgenet_x.c2ns_in1k,88.3,11.7,97.933,2.067,50.72,320,1.0,bicubic,4.754,1.263,13
deit3_small_patch16_384.fb_in1k,88.296,11.704,97.888,2.112,22.21,384,1.0,bicubic,4.868,1.214,24
pvt_v2_b4.in1k,88.285,11.715,97.816,2.184,62.56,224,0.9,bicubic,4.573,1.146,-4
efficientformer_l7.snap_dist_in1k,88.278,11.722,97.882,2.118,82.23,224,0.95,bicubic,4.896,1.346,30
mvitv2_small.fb_in1k,88.264,11.736,97.692,2.308,34.87,224,0.9,bicubic,4.494,1.116,-16
inception_next_small.sail_in1k,88.253,11.747,97.816,2.184,49.37,224,0.875,bicubic,4.675,1.218,6
deit3_base_patch16_224.fb_in1k,88.242,11.758,97.818,2.182,86.59,224,0.9,bicubic,4.456,1.232,-21
gcvit_small.in1k,88.223,11.777,97.788,2.212,51.09,224,0.875,bicubic,4.331,1.13,-37
deit_base_distilled_patch16_224.fb_in1k,88.21,11.79,97.91,2.09,87.34,224,0.9,bicubic,4.82,1.422,21
xception65p.ra3_in1k,88.189,11.811,97.788,2.212,39.82,299,0.94,bicubic,5.063,1.306,45
caformer_s18.sail_in1k,88.163,11.837,97.728,2.272,26.34,224,1.0,bicubic,4.509,1.21,-9
tiny_vit_21m_224.in1k,88.146,11.854,97.85,2.15,21.20,224,0.95,bicubic,4.892,1.258,26
dm_nfnet_f0.dm_in1k,88.133,11.867,97.903,2.097,71.49,256,0.9,bicubic,4.647,1.335,-2
tiny_vit_11m_224.dist_in22k_ft_in1k,88.103,11.897,97.79,2.21,11.00,224,0.95,bicubic,4.875,1.16,20
pvt_v2_b5.in1k,88.103,11.897,97.694,2.306,81.96,224,0.9,bicubic,4.363,1.058,-31
pvt_v2_b3.in1k,88.099,11.901,97.777,2.223,45.24,224,0.9,bicubic,4.981,1.221,32
fastvit_sa36.apple_in1k,88.088,11.912,97.79,2.21,31.53,256,0.9,bicubic,4.588,1.16,-13
xception65.ra3_in1k,88.067,11.933,97.75,2.25,39.92,299,0.94,bicubic,4.887,1.158,18
efficientvit_b3.r224_in1k,88.065,11.935,97.566,2.434,48.65,224,0.95,bicubic,4.605,1.236,-11
focalnet_base_srf.ms_in1k,88.033,11.967,97.656,2.344,88.15,224,0.9,bicubic,4.213,0.976,-56
maxvit_tiny_tf_224.in1k,88.027,11.973,97.816,2.184,30.92,224,0.95,bicubic,4.625,1.226,-12
focalnet_base_lrf.ms_in1k,88.003,11.997,97.609,2.391,88.75,224,0.9,bicubic,4.165,1.001,-63
gcvit_tiny.in1k,88.001,11.999,97.722,2.278,28.22,224,0.875,bicubic,4.617,1.324,-10
eca_nfnet_l0.ra2_in1k,87.98,12.02,97.871,2.129,24.14,288,1.0,bicubic,5.402,1.379,77
tf_efficientnet_b5.in1k,87.975,12.025,97.933,2.067,30.39,456,0.934,bicubic,4.799,1.397,6
cs3sedarknet_x.c2ns_in1k,87.975,12.025,97.794,2.205,35.40,288,1.0,bicubic,5.317,1.445,60
nfnet_l0.ra2_in1k,87.967,12.033,97.867,2.133,35.07,288,1.0,bicubic,5.217,1.351,46
efficientformer_l3.snap_dist_in1k,87.963,12.037,97.711,2.289,31.41,224,0.95,bicubic,5.415,1.461,79
tf_efficientnet_b4.aa_in1k,87.958,12.042,97.739,2.261,19.34,380,0.922,bicubic,4.94,1.439,23
regnetz_c16.ra3_in1k,87.952,12.048,97.779,2.22,13.46,320,1.0,bicubic,5.32,1.462,58
coatnet_1_rw_224.sw_in1k,87.943,12.057,97.453,2.547,41.72,224,0.95,bicubic,4.347,1.071,-43
mobilevitv2_200.cvnets_in22k_ft_in1k_384,87.933,12.067,97.822,2.178,18.45,384,1.0,bicubic,4.533,1.24,-25
focalnet_small_lrf.ms_in1k,87.93,12.069,97.696,2.304,50.34,224,0.9,bicubic,4.436,1.116,-38
repvit_m1_5.dist_450e_in1k,87.928,12.072,97.703,2.297,14.64,224,0.95,bicubic,5.416,1.591,72
efficientvit_b2.r288_in1k,87.92,12.08,97.6,2.4,24.33,288,1.0,bicubic,4.82,1.296,3
vit_base_patch32_384.augreg_in21k_ft_in1k,87.909,12.091,98.01,1.99,88.30,384,1.0,bicubic,4.557,1.17,-25
coatnet_rmlp_1_rw_224.sw_in1k,87.892,12.108,97.624,2.376,41.69,224,0.95,bicubic,4.53,1.174,-29
maxvit_tiny_rw_224.sw_in1k,87.856,12.144,97.643,2.357,29.06,224,0.95,bicubic,4.352,1.129,-51
convformer_s18.sail_in1k,87.845,12.155,97.551,2.449,26.77,224,1.0,bicubic,4.859,1.301,5
deit_base_patch16_384.fb_in1k,87.845,12.155,97.508,2.492,86.86,384,1.0,bicubic,4.741,1.14,-8
mobilevitv2_175.cvnets_in22k_ft_in1k_384,87.841,12.159,97.728,2.272,14.25,384,1.0,bicubic,4.903,1.302,6
convnext_nano.in12k_ft_in1k,87.837,12.164,97.888,2.112,15.59,288,1.0,bicubic,4.975,1.332,9
flexivit_small.600ep_in1k,87.811,12.189,97.577,2.423,22.06,240,0.95,bicubic,5.449,1.493,72
vit_base_patch32_clip_224.laion2b_ft_in12k_in1k,87.809,12.191,97.756,2.244,88.22,224,0.9,bicubic,4.513,1.228,-35
flexivit_small.1200ep_in1k,87.809,12.191,97.613,2.387,22.06,240,0.95,bicubic,5.283,1.487,51
focalnet_small_srf.ms_in1k,87.809,12.191,97.575,2.425,49.89,224,0.9,bicubic,4.393,1.137,-51
tf_efficientnetv2_b3.in21k_ft_in1k,87.807,12.193,97.895,2.105,14.36,300,0.9,bicubic,5.137,1.269,21
maxxvit_rmlp_nano_rw_256.sw_in1k,87.807,12.193,97.752,2.248,16.78,256,0.95,bicubic,4.765,1.402,-11
deit3_medium_patch16_224.fb_in1k,87.807,12.193,97.654,2.346,38.85,224,0.9,bicubic,4.721,1.36,-15
repvit_m1_5.dist_300e_in1k,87.772,12.227,97.649,2.351,14.64,224,0.95,bicubic,5.396,1.619,61
convnext_tiny.fb_in1k,87.77,12.23,97.585,2.415,28.59,288,1.0,bicubic,5.072,0.953,13
mvitv2_tiny.fb_in1k,87.719,12.281,97.553,2.447,24.17,224,0.9,bicubic,5.309,1.401,48
gc_efficientnetv2_rw_t.agc_in1k,87.717,12.283,97.803,2.197,13.68,288,1.0,bicubic,5.261,1.507,45
maxvit_rmlp_nano_rw_256.sw_in1k,87.715,12.285,97.577,2.423,15.50,256,0.95,bicubic,4.761,1.311,-17
efficientnetv2_rw_t.ra2_in1k,87.651,12.349,97.69,2.31,13.65,288,1.0,bicubic,5.301,1.498,53
mobilevitv2_150.cvnets_in22k_ft_in1k_384,87.649,12.351,97.647,2.353,10.59,384,1.0,bicubic,5.063,1.333,18
fastvit_sa24.apple_in1k,87.638,12.362,97.726,2.274,21.55,256,0.9,bicubic,4.96,1.454,-1
maxxvitv2_nano_rw_256.sw_in1k,87.638,12.362,97.525,2.474,23.70,256,0.95,bicubic,4.528,1.201,-42
efficientvit_b2.r256_in1k,87.638,12.362,97.453,2.547,24.33,256,1.0,bicubic,4.948,1.359,-1
cs3edgenet_x.c2_in1k,87.621,12.379,97.654,2.346,47.82,288,1.0,bicubic,4.913,1.284,-11
flexivit_small.300ep_in1k,87.621,12.379,97.613,2.387,22.06,240,0.95,bicubic,5.443,1.575,66
maxvit_nano_rw_256.sw_in1k,87.595,12.405,97.519,2.481,15.45,256,0.95,bicubic,4.667,1.299,-36
tf_efficientnet_b4.in1k,87.585,12.415,97.602,2.398,19.34,380,0.922,bicubic,4.977,1.85,-4
davit_tiny.msft_in1k,87.565,12.435,97.585,2.415,28.36,224,0.95,bicubic,4.869,1.311,-17
levit_384.fb_dist_in1k,87.563,12.437,97.538,2.462,39.13,224,0.9,bicubic,4.967,1.52,-3
levit_conv_384.fb_dist_in1k,87.561,12.439,97.538,2.462,39.13,224,0.9,bicubic,4.971,1.522,-2
tf_efficientnet_b2.ns_jft_in1k,87.553,12.447,97.626,2.374,9.11,260,0.89,bicubic,5.175,1.372,23
vit_base_patch32_clip_224.laion2b_ft_in1k,87.529,12.471,97.547,2.453,88.22,224,0.9,bicubic,4.947,1.347,-5
efficientformerv2_s2.snap_dist_in1k,87.516,12.484,97.615,2.385,12.71,224,0.95,bicubic,5.35,1.705,51
inception_next_tiny.sail_in1k,87.516,12.484,97.549,2.451,28.06,224,0.875,bicubic,5.038,1.527,9
coatnet_bn_0_rw_224.sw_in1k,87.508,12.492,97.551,2.449,27.44,224,0.95,bicubic,5.108,1.365,13
vit_base_patch16_rpn_224.sw_in1k,87.504,12.496,97.489,2.511,86.54,224,0.9,bicubic,5.302,1.493,43
pvt_v2_b2_li.in1k,87.501,12.499,97.47,2.53,22.55,224,0.9,bicubic,5.307,1.378,44
edgenext_small.usi_in1k,87.493,12.507,97.587,2.413,5.59,320,1.0,bicubic,5.929,1.875,96
vit_relpos_base_patch16_clsgap_224.sw_in1k,87.471,12.529,97.525,2.474,86.43,224,0.9,bicubic,4.711,1.353,-42
vit_relpos_base_patch16_224.sw_in1k,87.467,12.533,97.558,2.442,86.43,224,0.9,bicubic,4.971,1.419,-2
fbnetv3_g.ra2_in1k,87.446,12.554,97.545,2.455,16.62,288,0.95,bilinear,5.406,1.485,53
resnet61q.ra2_in1k,87.439,12.561,97.598,2.402,36.85,288,1.0,bicubic,4.915,1.468,-9
poolformerv2_m48.sail_in1k,87.435,12.565,97.421,2.579,73.35,224,1.0,bicubic,4.817,1.349,-29
efficientnet_b3.ra2_in1k,87.433,12.567,97.679,2.321,12.23,320,1.0,bicubic,5.187,1.561,24
resnet51q.ra2_in1k,87.397,12.603,97.583,2.417,35.70,288,1.0,bilinear,5.037,1.397,4
cs3darknet_x.c2ns_in1k,87.395,12.605,97.611,2.389,35.05,288,1.0,bicubic,5.173,1.381,22
cs3sedarknet_l.c2ns_in1k,87.395,12.605,97.57,2.43,21.91,288,0.95,bicubic,5.611,1.606,66
pvt_v2_b2.in1k,87.382,12.618,97.519,2.481,25.36,224,0.9,bicubic,5.298,1.563,36
fastvit_sa12.apple_dist_in1k,87.363,12.637,97.493,2.507,11.58,256,0.9,bicubic,5.509,1.783,51
vit_relpos_medium_patch16_cls_224.sw_in1k,87.363,12.637,97.451,2.549,38.76,224,0.9,bicubic,4.791,1.383,-33
repvit_m3.dist_in1k,87.326,12.674,97.481,2.519,10.68,224,0.95,bicubic,5.824,1.913,77
focalnet_tiny_srf.ms_in1k,87.301,12.699,97.414,2.586,28.43,224,0.9,bicubic,5.163,1.446,16
gcvit_xtiny.in1k,87.279,12.721,97.478,2.522,19.98,224,0.875,bicubic,5.325,1.513,32
tiny_vit_11m_224.in1k,87.277,12.723,97.487,2.513,11.00,224,0.95,bicubic,5.785,1.625,69
coatnet_rmlp_nano_rw_224.sw_in1k,87.277,12.723,97.447,2.554,15.15,224,0.9,bicubic,5.227,1.569,20
vit_relpos_medium_patch16_rpn_224.sw_in1k,87.269,12.731,97.447,2.554,38.73,224,0.9,bicubic,4.959,1.475,-13
coatnext_nano_rw_224.sw_in1k,87.239,12.761,97.543,2.458,14.70,224,0.9,bicubic,5.297,1.627,26
poolformer_m48.sail_in1k,87.237,12.763,97.318,2.682,73.47,224,0.95,bicubic,4.755,1.352,-40
convit_base.fb_in1k,87.209,12.791,97.284,2.716,86.54,224,0.875,bicubic,4.919,1.348,-20
tf_efficientnet_b3.ap_in1k,87.188,12.812,97.382,2.618,12.23,300,0.904,bicubic,5.368,1.756,25
vit_base_patch32_clip_224.openai_ft_in1k,87.179,12.821,97.466,2.534,88.22,224,0.9,bicubic,5.249,1.5,16
vit_srelpos_medium_patch16_224.sw_in1k,87.177,12.823,97.31,2.69,38.74,224,0.9,bicubic,4.937,1.368,-21
focalnet_tiny_lrf.ms_in1k,87.175,12.825,97.37,2.63,28.65,224,0.9,bicubic,5.021,1.422,-10
convnext_tiny_hnf.a2h_in1k,87.147,12.853,97.28,2.72,28.59,288,1.0,bicubic,4.563,1.272,-71
vit_relpos_medium_patch16_224.sw_in1k,87.145,12.855,97.5,2.5,38.75,224,0.9,bicubic,4.683,1.418,-54
coatnet_0_rw_224.sw_in1k,87.128,12.872,97.233,2.767,27.44,224,0.95,bicubic,4.738,1.397,-50
repvit_m1_1.dist_450e_in1k,87.104,12.896,97.412,2.588,8.80,224,0.95,bicubic,5.792,1.876,63
efficientvit_b2.r224_in1k,87.081,12.919,97.203,2.797,24.33,224,0.95,bicubic,4.933,1.497,-19
mobilevitv2_200.cvnets_in22k_ft_in1k,87.057,12.943,97.431,2.568,18.45,256,0.888,bicubic,4.725,1.49,-46
xception41p.ra3_in1k,87.051,12.949,97.201,2.799,26.91,299,0.94,bicubic,5.079,1.417,-7
regnetz_b16.ra3_in1k,87.047,12.953,97.412,2.588,9.72,288,1.0,bicubic,6.319,1.894,119
convit_small.fb_in1k,87.042,12.958,97.35,2.65,27.78,224,0.875,bicubic,5.622,1.606,44
tf_efficientnetv2_b3.in1k,87.027,12.973,97.301,2.699,14.36,300,0.904,bicubic,5.055,1.499,-10
gcresnet50t.ra2_in1k,87.025,12.975,97.391,2.609,25.90,288,1.0,bicubic,5.569,1.673,37
poolformerv2_m36.sail_in1k,87.008,12.992,97.284,2.716,56.08,224,1.0,bicubic,4.792,1.36,-42
deit3_small_patch16_224.fb_in1k,87.008,12.992,97.171,2.829,22.06,224,0.9,bicubic,5.638,1.715,45
deit_small_distilled_patch16_224.fb_in1k,87.004,12.996,97.323,2.677,22.44,224,0.9,bicubic,5.788,1.699,56
coatnet_nano_rw_224.sw_in1k,86.993,13.007,97.248,2.752,15.14,224,0.9,bicubic,5.297,1.602,0
resmlp_36_224.fb_distilled_in1k,86.987,13.013,97.276,2.724,44.69,224,0.875,bicubic,5.839,1.798,59
poolformer_m36.sail_in1k,86.955,13.045,97.141,2.859,56.17,224,0.95,bicubic,4.853,1.443,-34
mobilevitv2_175.cvnets_in22k_ft_in1k,86.951,13.05,97.335,2.665,14.25,256,0.888,bicubic,5.013,1.545,-18
poolformerv2_s36.sail_in1k,86.921,13.079,97.353,2.647,30.79,224,1.0,bicubic,5.355,1.663,1
vit_relpos_small_patch16_224.sw_in1k,86.891,13.109,97.489,2.511,21.98,224,0.9,bicubic,5.429,1.669,15
vit_small_patch16_224.augreg_in21k_ft_in1k,86.871,13.129,97.609,2.391,22.05,224,0.9,bicubic,5.486,1.473,23
vit_small_r26_s32_224.augreg_in21k_ft_in1k,86.856,13.143,97.53,2.47,36.43,224,0.9,bicubic,4.992,1.508,-26
tf_efficientnet_b3.aa_in1k,86.84,13.161,97.297,2.703,12.23,300,0.904,bicubic,5.2,1.575,-15
rexnet_200.nav_in1k,86.84,13.161,97.276,2.724,16.37,224,0.875,bicubic,5.204,1.61,-13
repvit_m1_1.dist_300e_in1k,86.827,13.173,97.318,2.682,8.80,224,0.95,bicubic,6.001,2.148,75
deit_base_patch16_224.fb_in1k,86.827,13.173,97.052,2.949,86.57,224,0.9,bicubic,4.835,1.316,-43
tf_efficientnet_lite4.in1k,86.799,13.201,97.265,2.735,13.01,380,0.92,bilinear,5.269,1.601,-9
eva02_tiny_patch14_336.mim_in22k_ft_in1k,86.784,13.216,97.269,2.731,5.76,336,1.0,bicubic,6.154,1.743,87
vit_base_patch16_224.orig_in21k_ft_in1k,86.773,13.227,97.442,2.558,86.57,224,0.9,bicubic,4.983,1.316,-35
cs3darknet_l.c2ns_in1k,86.767,13.233,97.459,2.541,21.16,288,0.95,bicubic,5.871,1.797,53
ese_vovnet39b.ra_in1k,86.756,13.244,97.372,2.628,24.57,288,0.95,bicubic,6.406,2.006,104
tiny_vit_5m_224.dist_in22k_ft_in1k,86.748,13.252,97.316,2.684,5.39,224,0.95,bicubic,5.872,1.652,50
mobilevitv2_150.cvnets_in22k_ft_in1k,86.743,13.257,97.214,2.786,10.59,256,0.888,bicubic,5.255,1.546,-19
fastvit_s12.apple_dist_in1k,86.741,13.259,97.207,2.793,9.47,256,0.9,bicubic,5.671,1.923,28
levit_256.fb_dist_in1k,86.731,13.269,97.254,2.746,18.89,224,0.9,bicubic,5.207,1.76,-27
levit_conv_256.fb_dist_in1k,86.726,13.274,97.256,2.744,18.89,224,0.9,bicubic,5.204,1.766,-28
cs3darknet_focus_l.c2ns_in1k,86.722,13.278,97.376,2.624,21.15,288,0.95,bicubic,5.846,1.694,41
convnext_nano_ols.d1h_in1k,86.718,13.282,97.047,2.953,15.65,288,1.0,bicubic,5.118,1.411,-39
vit_srelpos_small_patch16_224.sw_in1k,86.707,13.293,97.252,2.748,21.97,224,0.9,bicubic,5.615,1.682,18
tf_efficientnet_b1.ns_jft_in1k,86.669,13.331,97.382,2.618,7.79,240,0.882,bicubic,5.281,1.644,-22
poolformer_s36.sail_in1k,86.654,13.346,97.152,2.848,30.86,224,0.9,bicubic,5.224,1.708,-29
gernet_l.idstcv_in1k,86.643,13.357,97.188,2.812,31.08,256,0.875,bilinear,5.289,1.658,-19
efficientnet_el.ra_in1k,86.63,13.37,97.19,2.81,10.59,300,0.904,bicubic,5.318,1.7,-18
repvit_m2.dist_in1k,86.615,13.385,97.207,2.793,8.80,224,0.95,bicubic,6.155,2.039,67
resmlp_24_224.fb_distilled_in1k,86.615,13.385,97.137,2.863,30.02,224,0.875,bicubic,5.859,1.913,39
gcresnext50ts.ch_in1k,86.609,13.391,97.188,2.812,15.67,288,1.0,bicubic,5.379,1.646,-17
nf_resnet50.ra2_in1k,86.592,13.408,97.295,2.705,25.56,288,0.94,bicubic,5.952,1.961,47
sebotnet33ts_256.a1h_in1k,86.585,13.415,96.793,3.207,13.70,256,0.94,bicubic,5.417,1.625,-12
efficientnet_b3_pruned.in1k,86.579,13.421,97.184,2.816,9.86,300,0.904,bicubic,5.727,1.94,24
sehalonet33ts.ra2_in1k,86.566,13.434,97.004,2.995,13.69,256,0.94,bicubic,5.608,1.732,9
fastvit_sa12.apple_in1k,86.564,13.436,97.233,2.767,11.58,256,0.9,bicubic,5.72,1.893,22
repvit_m1_0.dist_450e_in1k,86.538,13.462,97.098,2.902,7.30,224,0.95,bicubic,6.104,2.18,59
convnext_nano.d1h_in1k,86.536,13.464,97.182,2.818,15.59,288,1.0,bicubic,5.054,1.524,-53
vit_small_patch16_384.augreg_in1k,86.496,13.504,97.182,2.818,22.20,384,1.0,bicubic,5.38,1.608,-18
maxvit_rmlp_pico_rw_256.sw_in1k,86.481,13.519,97.201,2.799,7.52,256,0.95,bicubic,5.967,1.987,38
haloregnetz_b.ra3_in1k,86.466,13.534,96.947,3.053,11.68,224,0.94,bicubic,5.42,1.747,-13
seresnet33ts.ra2_in1k,86.462,13.538,97.19,2.81,19.78,288,1.0,bicubic,5.678,1.828,14
repvit_m1_0.dist_300e_in1k,86.457,13.543,97.054,2.946,7.30,224,0.95,bicubic,6.331,2.31,75
mobilevitv2_200.cvnets_in1k,86.457,13.543,96.97,3.03,18.45,256,0.888,bicubic,5.323,1.608,-27
poolformerv2_s24.sail_in1k,86.389,13.611,97.15,2.85,21.34,224,1.0,bicubic,5.641,1.84,8
darknetaa53.c2ns_in1k,86.359,13.641,97.165,2.835,36.02,288,1.0,bilinear,5.853,1.843,24
efficientformer_l1.snap_dist_in1k,86.357,13.643,97.019,2.981,12.29,224,0.95,bicubic,5.859,2.031,25
darknet53.c2ns_in1k,86.35,13.649,97.13,2.869,41.61,288,1.0,bicubic,5.819,1.698,20
fastvit_t12.apple_dist_in1k,86.344,13.656,97.098,2.902,7.55,256,0.9,bicubic,5.992,2.056,37
tf_efficientnet_b3.in1k,86.325,13.675,96.964,3.036,12.23,300,0.904,bicubic,5.451,1.664,-16
mobilevitv2_175.cvnets_in1k,86.321,13.679,96.985,3.015,14.25,256,0.888,bicubic,5.461,1.729,-15
gernet_m.idstcv_in1k,86.319,13.681,97.098,2.902,21.14,224,0.875,bilinear,5.582,1.908,-4
vit_small_patch32_384.augreg_in21k_ft_in1k,86.312,13.688,97.419,2.581,22.92,384,1.0,bicubic,5.826,1.819,15
efficientnet_b2.ra_in1k,86.306,13.694,96.987,3.013,9.11,288,1.0,bicubic,5.696,1.673,3
gcresnet33ts.ra2_in1k,86.301,13.699,97.06,2.94,19.88,288,1.0,bicubic,5.701,1.738,3
eca_resnet33ts.ra2_in1k,86.257,13.743,97.15,2.85,19.68,288,1.0,bicubic,5.585,1.786,-9
gcvit_xxtiny.in1k,86.244,13.756,97.107,2.893,12.00,224,0.875,bicubic,6.518,2.027,67
vit_base_patch16_384.augreg_in1k,86.231,13.769,96.964,3.036,86.86,384,1.0,bicubic,5.129,1.844,-59
efficientnet_el_pruned.in1k,86.192,13.807,97.028,2.972,10.59,300,0.904,bicubic,5.894,1.806,23
cspdarknet53.ra_in1k,86.178,13.822,97.009,2.991,27.64,256,0.887,bilinear,6.11,1.931,38
rexnet_150.nav_in1k,86.169,13.831,97.06,2.94,9.73,224,0.875,bicubic,5.845,2.07,16
inception_v4.tf_in1k,86.163,13.837,96.919,3.081,42.68,299,0.875,bicubic,6.007,1.949,33
efficientvit_b1.r288_in1k,86.154,13.846,96.932,3.068,9.10,288,1.0,bicubic,5.83,1.756,15
tf_efficientnet_el.in1k,86.082,13.918,96.955,3.045,10.59,300,0.904,bicubic,5.834,1.835,15
mobilevitv2_150.cvnets_in1k,86.082,13.918,96.857,3.143,10.59,256,0.888,bicubic,5.712,1.783,2
convnext_pico_ols.d1_in1k,86.069,13.931,97.017,2.983,9.06,288,1.0,bicubic,5.607,1.765,-11
edgenext_small_rw.sw_in1k,86.054,13.946,96.928,3.072,7.83,320,1.0,bicubic,5.596,1.62,-10
convnext_pico.d1_in1k,86.015,13.985,96.932,3.068,9.05,288,0.95,bicubic,5.599,1.884,-8
poolformer_s24.sail_in1k,86.013,13.987,97.03,2.97,21.39,224,0.9,bicubic,5.719,1.956,5
tf_efficientnet_b2.ap_in1k,85.981,14.019,96.812,3.188,9.11,260,0.89,bicubic,5.671,1.786,-3
efficientformerv2_s1.snap_dist_in1k,85.962,14.038,96.874,3.126,6.19,224,0.95,bicubic,6.27,2.158,41
vit_base_patch32_224.augreg_in21k_ft_in1k,85.956,14.044,97.128,2.872,88.22,224,0.9,bicubic,5.24,1.562,-46
fbnetv3_d.ra2_in1k,85.93,14.07,97.026,2.974,10.31,256,0.95,bilinear,6.248,2.082,40
tf_efficientnet_b2.aa_in1k,85.896,14.104,96.864,3.136,9.11,260,0.89,bicubic,5.812,1.958,7
tf_efficientnetv2_b2.in1k,85.887,14.113,96.887,3.113,10.10,260,0.89,bicubic,5.691,1.845,0
vit_base_patch16_224.sam_in1k,85.872,14.128,96.693,3.307,86.57,224,0.9,bicubic,5.634,1.937,-5
efficientvit_b1.r256_in1k,85.83,14.17,96.782,3.217,9.10,256,1.0,bicubic,6.096,2.002,25
mixnet_xl.ra_in1k,85.804,14.196,96.716,3.284,11.90,224,0.875,bicubic,5.322,1.78,-37
repvit_m0_9.dist_450e_in1k,85.757,14.243,96.81,3.19,5.49,224,0.95,bicubic,6.691,2.43,81
tf_efficientnet_lite3.in1k,85.755,14.245,96.891,3.109,8.20,300,0.904,bilinear,5.949,1.977,18
cspresnet50.ra_in1k,85.719,14.281,96.799,3.2,21.62,256,0.887,bilinear,6.137,2.09,28
xception71.tf_in1k,85.689,14.311,96.774,3.226,42.34,299,0.903,bicubic,5.815,1.846,-3
resnet33ts.ra2_in1k,85.689,14.311,96.757,3.243,19.68,288,1.0,bicubic,5.963,1.929,13
deit_small_patch16_224.fb_in1k,85.676,14.324,96.906,3.094,22.05,224,0.9,bicubic,5.828,1.862,0
efficientnet_em.ra2_in1k,85.672,14.328,96.951,3.049,6.90,240,0.882,bicubic,6.428,2.157,49
dpn107.mx_in1k,85.672,14.328,96.757,3.243,86.92,224,0.875,bicubic,5.502,1.815,-21
efficientnet_b2_pruned.in1k,85.642,14.358,96.742,3.258,8.31,260,0.89,bicubic,5.722,1.89,-12
resmlp_36_224.fb_in1k,85.623,14.377,96.795,3.205,44.69,224,0.875,bicubic,5.85,1.911,1
tiny_vit_5m_224.in1k,85.605,14.395,96.953,3.047,5.39,224,0.95,bicubic,6.435,2.159,52
mobilevitv2_125.cvnets_in1k,85.578,14.422,96.665,3.335,7.48,256,0.888,bicubic,5.898,1.807,9
levit_conv_192.fb_dist_in1k,85.571,14.429,96.742,3.258,10.95,224,0.9,bicubic,5.733,1.964,-9
levit_192.fb_dist_in1k,85.569,14.431,96.74,3.26,10.95,224,0.9,bicubic,5.731,1.956,-9
tf_efficientnetv2_b1.in1k,85.556,14.444,96.731,3.269,8.14,240,0.882,bicubic,6.096,2.009,16
fbnetv3_b.ra2_in1k,85.52,14.48,96.862,3.139,8.60,256,0.95,bilinear,6.374,2.118,44
nf_regnet_b1.ra2_in1k,85.507,14.493,96.789,3.211,10.22,288,0.9,bicubic,6.199,2.049,25
dpn92.mx_in1k,85.501,14.499,96.65,3.35,37.67,224,0.875,bicubic,5.463,1.79,-33
fastvit_s12.apple_in1k,85.492,14.508,96.721,3.28,9.47,256,0.9,bicubic,5.55,1.927,-31
rexnet_130.nav_in1k,85.465,14.536,96.68,3.32,7.56,224,0.875,bicubic,5.959,2.002,1
dpn131.mx_in1k,85.45,14.55,96.62,3.38,79.25,224,0.875,bicubic,5.636,1.92,-23
tf_efficientnet_b2.in1k,85.396,14.604,96.586,3.414,9.11,260,0.89,bicubic,5.788,1.872,-8
convnext_tiny.fb_in22k_ft_in1k,85.381,14.619,96.804,3.196,28.59,288,1.0,bicubic,6.483,2.13,46
repvit_m0_9.dist_300e_in1k,85.373,14.627,96.627,3.373,5.49,224,0.95,bicubic,6.715,2.511,66
dpn98.mx_in1k,85.351,14.649,96.509,3.491,61.57,224,0.875,bicubic,5.681,1.855,-15
gmlp_s16_224.ra3_in1k,85.349,14.651,96.644,3.356,19.42,224,0.875,bicubic,5.705,2.022,-15
xception65.tf_in1k,85.315,14.685,96.646,3.354,39.92,299,0.903,bicubic,5.759,1.988,-15
resmlp_24_224.fb_in1k,85.264,14.736,96.49,3.51,30.02,224,0.875,bicubic,5.89,1.944,-8
convnext_femto_ols.d1_in1k,85.253,14.747,96.772,3.228,5.23,288,0.95,bicubic,6.329,2.246,28
efficientvit_b1.r224_in1k,85.232,14.768,96.462,3.538,9.10,224,0.95,bicubic,5.98,2.158,2
pvt_v2_b1.in1k,85.21,14.79,96.631,3.369,14.01,224,0.9,bicubic,6.506,2.129,43
fastvit_t12.apple_in1k,85.18,14.819,96.607,3.393,7.55,256,0.9,bicubic,5.916,2.045,-6
convnext_femto.d1_in1k,85.163,14.837,96.704,3.296,5.22,288,0.95,bicubic,6.447,2.273,34
tf_efficientnet_b1.ap_in1k,85.131,14.869,96.407,3.593,7.79,240,0.882,bicubic,5.855,2.095,-16
repvit_m1.dist_in1k,85.121,14.879,96.597,3.403,5.49,224,0.95,bicubic,6.583,2.527,36
mobileone_s4.apple_in1k,85.082,14.918,96.434,3.566,14.95,224,0.9,bilinear,5.656,1.954,-36
dpn68b.ra_in1k,85.061,14.939,96.449,3.551,12.61,288,1.0,bicubic,5.701,2.013,-33
tf_efficientnet_cc_b1_8e.in1k,85.061,14.939,96.43,3.57,39.72,240,0.882,bicubic,5.759,2.056,-27
tf_efficientnet_b0.ns_jft_in1k,84.999,15.001,96.505,3.495,5.29,224,0.875,bicubic,6.331,2.133,18
tf_efficientnet_b1.aa_in1k,84.918,15.082,96.366,3.634,7.79,240,0.882,bicubic,6.09,2.166,0
mobilevitv2_100.cvnets_in1k,84.894,15.106,96.388,3.612,4.90,256,0.888,bicubic,6.814,2.218,55
levit_conv_128.fb_dist_in1k,84.847,15.153,96.353,3.647,9.21,224,0.9,bicubic,6.353,2.345,16
levit_128.fb_dist_in1k,84.845,15.155,96.353,3.647,9.21,224,0.9,bicubic,6.355,2.341,17
vit_tiny_patch16_384.augreg_in21k_ft_in1k,84.832,15.168,96.714,3.286,5.79,384,1.0,bicubic,6.408,2.172,22
mixnet_l.ft_in1k,84.815,15.185,96.323,3.677,7.33,224,0.875,bicubic,5.849,2.141,-29
xception41.tf_in1k,84.785,15.214,96.411,3.589,26.97,299,0.903,bicubic,6.281,2.135,2
poolformerv2_s12.sail_in1k,84.756,15.244,96.373,3.627,11.89,224,1.0,bicubic,6.754,2.508,37
resmlp_12_224.fb_distilled_in1k,84.719,15.281,96.225,3.775,15.35,224,0.875,bicubic,6.765,2.665,37
vit_base_patch32_384.augreg_in1k,84.715,15.285,96.323,3.677,88.30,384,1.0,bicubic,5.959,2.097,-25
cs3darknet_m.c2ns_in1k,84.7,15.3,96.488,3.512,9.31,288,0.95,bicubic,7.066,2.472,50
selecsls60b.in1k,84.662,15.338,96.3,3.7,32.77,224,0.875,bicubic,6.25,2.132,1
tf_efficientnetv2_b0.in1k,84.623,15.377,96.274,3.726,7.14,224,0.875,bicubic,6.265,2.26,1
efficientnet_b1.ft_in1k,84.611,15.389,96.334,3.666,7.79,256,1.0,bicubic,5.811,1.992,-36
efficientnet_es.ra_in1k,84.581,15.419,96.308,3.692,5.44,224,0.875,bicubic,6.523,2.382,13
tf_mixnet_l.in1k,84.578,15.422,96.244,3.756,7.33,224,0.875,bicubic,5.802,2.242,-41
vit_small_patch16_224.augreg_in1k,84.536,15.464,96.272,3.728,22.05,224,0.9,bicubic,5.688,1.984,-52
cs3darknet_focus_m.c2ns_in1k,84.482,15.518,96.417,3.583,9.30,288,0.95,bicubic,7.198,2.451,51
tf_efficientnet_b1.in1k,84.472,15.528,96.074,3.926,7.79,240,0.882,bicubic,5.91,1.98,-36
tf_efficientnet_em.in1k,84.455,15.545,96.185,3.815,6.90,240,0.882,bicubic,6.329,2.137,-3
efficientnet_b1_pruned.in1k,84.397,15.603,96.14,3.86,6.33,240,0.882,bicubic,6.157,2.306,-14
vit_base_patch16_224.augreg_in1k,84.384,15.616,96.042,3.958,86.57,224,0.9,bicubic,5.23,1.952,-83
hardcorenas_f.miil_green_in1k,84.324,15.676,96.025,3.975,8.20,224,0.875,bilinear,6.228,2.222,-7
selecsls60.in1k,84.282,15.718,96.103,3.897,30.67,224,0.875,bicubic,6.294,2.273,1
ese_vovnet19b_dw.ra_in1k,84.22,15.78,96.259,3.741,6.54,288,0.95,bicubic,6.476,2.475,7
convnext_atto_ols.a2_in1k,84.22,15.78,96.217,3.783,3.70,288,0.95,bicubic,7.004,2.541,36
densenetblur121d.ra_in1k,84.168,15.832,96.24,3.76,8.00,288,0.95,bicubic,6.846,2.452,22
rexnet_100.nav_in1k,84.158,15.842,96.249,3.751,4.80,224,0.875,bicubic,6.302,2.609,-5
fastvit_t8.apple_dist_in1k,84.143,15.857,96.078,3.922,4.03,256,0.9,bicubic,6.967,2.78,30
convnext_atto.d2_in1k,84.141,15.859,96.2,3.8,3.70,288,0.95,bicubic,7.133,2.498,39
ghostnetv2_160.in1k,84.098,15.902,96.21,3.79,12.39,224,0.875,bicubic,6.266,2.27,-9
tf_efficientnet_lite2.in1k,84.087,15.913,96.074,3.926,6.09,260,0.89,bicubic,6.625,2.322,7
poolformer_s12.sail_in1k,84.049,15.951,96.178,3.822,11.92,224,0.9,bicubic,6.809,2.646,20
efficientnet_b0.ra_in1k,84.034,15.966,95.965,4.035,5.29,224,0.875,bicubic,6.34,2.433,-8
tf_efficientnet_cc_b0_8e.in1k,83.972,16.028,96.067,3.933,24.01,224,0.875,bicubic,6.068,2.405,-19
hardcorenas_e.miil_green_in1k,83.963,16.037,95.903,4.097,8.07,224,0.875,bilinear,6.173,2.203,-16
mobilenetv2_120d.ra_in1k,83.902,16.098,95.903,4.097,5.83,224,0.875,bicubic,6.594,2.401,3
tinynet_a.in1k,83.825,16.175,95.817,4.183,6.19,192,0.875,bicubic,6.177,2.277,-19
dpn68b.mx_in1k,83.786,16.214,95.986,4.014,12.61,224,0.875,bicubic,6.268,2.134,-13
hardcorenas_d.miil_green_in1k,83.756,16.244,95.738,4.262,7.50,224,0.875,bilinear,6.322,2.248,-9
tf_efficientnet_b0.ap_in1k,83.652,16.348,95.785,4.215,5.29,224,0.875,bicubic,6.562,2.523,2
tf_efficientnet_cc_b0_4e.in1k,83.641,16.359,95.74,4.26,13.31,224,0.875,bicubic,6.339,2.404,-12
repghostnet_150.in1k,83.63,16.369,95.92,4.08,6.58,224,0.875,bicubic,6.171,2.41,-22
densenet121.ra_in1k,83.596,16.404,96.054,3.946,7.98,288,0.95,bicubic,7.096,2.686,21
resmlp_12_224.fb_in1k,83.569,16.431,95.76,4.24,15.35,224,0.875,bicubic,6.921,2.582,11
mobilenetv3_large_100.miil_in21k_ft_in1k,83.554,16.446,95.448,4.552,5.48,224,0.875,bilinear,5.634,2.534,-51
mixnet_m.ft_in1k,83.532,16.468,95.687,4.313,5.01,224,0.875,bicubic,6.272,2.269,-16
gernet_s.idstcv_in1k,83.513,16.487,95.798,4.202,8.17,224,0.875,bilinear,6.603,2.482,2
tf_efficientnet_b0.aa_in1k,83.502,16.498,95.704,4.296,5.29,224,0.875,bicubic,6.658,2.486,2
selecsls42b.in1k,83.451,16.549,95.736,4.264,32.46,224,0.875,bicubic,6.281,2.344,-17
efficientvit_m5.r224_in1k,83.449,16.551,95.813,4.187,12.47,224,0.875,bicubic,6.391,2.629,-12
efficientformerv2_s0.snap_dist_in1k,83.402,16.598,95.817,4.183,3.60,224,0.95,bicubic,7.288,2.959,19
hardcorenas_c.miil_green_in1k,83.353,16.647,95.713,4.287,5.52,224,0.875,bilinear,6.287,2.551,-15
ghostnetv2_130.in1k,83.342,16.658,95.843,4.157,8.96,224,0.875,bicubic,6.586,2.481,-4
tf_efficientnet_lite1.in1k,83.338,16.662,95.647,4.353,5.42,240,0.882,bicubic,6.694,2.423,-2
fastvit_t8.apple_in1k,83.27,16.73,95.832,4.168,4.03,256,0.9,bicubic,7.096,2.78,13
dpn68.mx_in1k,83.195,16.805,95.617,4.383,12.61,224,0.875,bicubic,6.849,2.609,9
tf_mixnet_m.in1k,83.189,16.811,95.469,4.531,5.01,224,0.875,bicubic,6.235,2.315,-14
tf_efficientnet_es.in1k,83.18,16.82,95.58,4.42,5.44,224,0.875,bicubic,6.582,2.378,-5
mobilenetv2_140.ra_in1k,83.174,16.826,95.687,4.313,6.11,224,0.875,bicubic,6.658,2.699,-2
levit_128s.fb_dist_in1k,83.052,16.948,95.533,4.467,7.78,224,0.9,bicubic,6.526,2.661,-5
levit_conv_128s.fb_dist_in1k,83.046,16.954,95.536,4.464,7.78,224,0.9,bicubic,6.526,2.67,-5
repghostnet_130.in1k,82.922,17.078,95.459,4.541,5.48,224,0.875,bicubic,6.546,2.567,-3
hardcorenas_b.miil_green_in1k,82.864,17.136,95.395,4.605,5.18,224,0.875,bilinear,6.316,2.633,-13
mobileone_s1.apple_in1k,82.853,17.147,95.54,4.46,4.83,224,0.9,bilinear,7.067,2.748,7
mobilevitv2_075.cvnets_in1k,82.796,17.204,95.57,4.43,2.87,256,0.888,bicubic,7.188,2.826,11
densenet169.tv_in1k,82.689,17.311,95.604,4.396,14.15,224,0.875,bicubic,6.789,2.576,4
vit_tiny_r_s16_p8_384.augreg_in21k_ft_in1k,82.687,17.313,95.847,4.153,6.36,384,1.0,bicubic,6.727,2.585,1
edgenext_x_small.in1k,82.58,17.42,95.459,4.541,2.34,288,1.0,bicubic,6.892,2.693,4
tf_efficientnet_b0.in1k,82.563,17.437,95.418,4.582,5.29,224,0.875,bicubic,6.033,2.41,-19
mixnet_s.ft_in1k,82.52,17.48,95.356,4.644,4.13,224,0.875,bicubic,6.526,2.086,-4
vit_small_patch32_224.augreg_in21k_ft_in1k,82.516,17.484,95.664,4.336,22.88,224,0.9,bicubic,6.522,2.864,-6
efficientnet_lite0.ra_in1k,82.371,17.629,95.294,4.706,4.65,224,0.875,bicubic,6.889,2.774,6
hardcorenas_a.miil_green_in1k,82.322,17.678,95.288,4.712,5.26,224,0.875,bilinear,6.384,2.78,-7
efficientnet_es_pruned.in1k,82.294,17.706,95.301,4.699,5.44,224,0.875,bicubic,7.288,2.857,15
mobilenetv3_rw.rmsp_in1k,82.264,17.736,95.234,4.766,5.48,224,0.875,bicubic,6.644,2.531,-3
semnasnet_100.rmsp_in1k,82.258,17.742,95.226,4.774,3.89,224,0.875,bicubic,6.808,2.628,4
mobilenetv3_large_100.ra_in1k,82.179,17.821,95.192,4.808,5.48,224,0.875,bicubic,6.413,2.654,-8
vit_tiny_patch16_224.augreg_in21k_ft_in1k,82.08,17.92,95.476,4.524,5.72,224,0.9,bicubic,6.618,2.632,0
mobilenetv2_110d.ra_in1k,82.068,17.932,95.07,4.93,4.52,224,0.875,bicubic,7.014,2.886,8
tf_mixnet_s.in1k,82.038,17.962,95.126,4.874,4.13,224,0.875,bicubic,6.386,2.486,-9
deit_tiny_distilled_patch16_224.fb_in1k,81.993,18.007,95.134,4.866,5.91,224,0.9,bicubic,7.489,3.244,18
tf_efficientnet_lite0.in1k,81.95,18.05,95.16,4.84,4.65,224,0.875,bicubic,7.118,2.99,7
ghostnetv2_100.in1k,81.905,18.095,95.111,4.889,6.16,224,0.875,bicubic,6.739,2.757,-4
tinynet_b.in1k,81.88,18.12,94.876,5.124,3.73,188,0.875,bicubic,6.902,2.69,3
tf_mobilenetv3_large_100.in1k,81.848,18.152,95.059,4.941,5.48,224,0.875,bilinear,6.332,2.466,-13
repghostnet_111.in1k,81.743,18.257,94.842,5.158,4.54,224,0.875,bicubic,6.687,2.65,-4
densenet121.tv_in1k,81.732,18.268,95.036,4.964,7.98,224,0.875,bicubic,6.968,2.882,3
fbnetc_100.rmsp_in1k,81.559,18.441,94.968,5.032,5.57,224,0.875,bilinear,6.43,2.58,-14
efficientvit_m4.r224_in1k,81.498,18.503,95.002,4.998,8.80,224,0.875,bicubic,7.13,3.022,1
mnasnet_100.rmsp_in1k,81.446,18.554,94.914,5.086,4.38,224,0.875,bicubic,6.794,2.792,-9
vgg19_bn.tv_in1k,81.438,18.562,94.771,5.229,143.68,224,0.875,bilinear,7.222,2.927,-1
vit_base_patch32_224.augreg_in1k,81.143,18.857,94.427,5.572,88.22,224,0.9,bicubic,6.249,2.649,-16
convit_tiny.fb_in1k,81.126,18.874,95.036,4.964,5.71,224,0.875,bicubic,8.014,3.324,14
repghostnet_100.in1k,80.93,19.07,94.543,5.457,4.07,224,0.875,bicubic,6.724,3.001,-6
spnasnet_100.rmsp_in1k,80.883,19.117,94.526,5.474,4.42,224,0.875,bilinear,6.789,2.706,-6
efficientvit_m3.r224_in1k,80.693,19.307,94.556,5.444,6.90,224,0.875,bicubic,7.319,3.208,2
ghostnet_100.in1k,80.678,19.322,94.359,5.641,5.18,224,0.875,bicubic,6.72,2.827,-6
vgg16_bn.tv_in1k,80.571,19.429,94.6,5.4,138.37,224,0.875,bilinear,7.201,3.086,-4
semnasnet_075.rmsp_in1k,80.481,19.519,94.319,5.681,2.91,224,0.875,bicubic,7.477,3.179,2
mobilenetv2_100.ra_in1k,80.253,19.747,94.188,5.812,3.50,224,0.875,bicubic,7.285,3.172,0
vit_base_patch32_224.sam_in1k,80.214,19.786,93.823,6.177,88.22,224,0.9,bicubic,6.52,2.809,-14
tf_mobilenetv3_large_075.in1k,80.073,19.927,94.18,5.82,3.99,224,0.875,bilinear,6.643,2.828,-15
deit_tiny_patch16_224.fb_in1k,80.011,19.988,94.449,5.551,5.72,224,0.9,bicubic,7.841,3.333,7
vgg19.tv_in1k,79.484,20.516,93.868,6.132,143.67,224,0.875,bilinear,7.106,2.994,-3
tf_mobilenetv3_large_minimal_100.in1k,79.232,20.768,93.702,6.298,3.92,224,0.875,bilinear,6.968,3.062,-1
edgenext_xx_small.in1k,79.175,20.825,93.819,6.181,1.33,288,1.0,bicubic,7.297,3.267,4
repghostnet_080.in1k,79.089,20.911,93.716,6.284,3.28,224,0.875,bicubic,6.877,3.233,-3
vgg16.tv_in1k,79.038,20.962,93.644,6.356,138.36,224,0.875,bilinear,7.446,3.26,3
vgg13_bn.tv_in1k,78.995,21.005,93.661,6.339,133.05,224,0.875,bilinear,7.407,3.283,3
vit_tiny_r_s16_p8_224.augreg_in21k_ft_in1k,78.991,21.009,93.898,6.102,6.34,224,0.9,bicubic,7.193,3.074,-1
lcnet_100.ra2_in1k,78.899,21.101,93.55,6.45,2.95,224,0.875,bicubic,6.797,3.196,-5
pvt_v2_b0.in1k,78.756,21.244,93.836,6.164,3.67,224,0.9,bicubic,8.096,3.64,6
efficientvit_m2.r224_in1k,78.632,21.368,93.552,6.448,4.19,224,0.875,bicubic,7.818,3.41,4
mobileone_s0.apple_in1k,78.496,21.504,93.322,6.678,5.29,224,0.875,bilinear,7.094,3.48,-1
tinynet_c.in1k,78.449,21.551,93.125,6.875,2.46,184,0.875,bicubic,7.207,3.393,0
efficientvit_b0.r224_in1k,78.425,21.575,92.801,7.199,3.41,224,0.95,bicubic,7.027,3.373,-2
vgg11_bn.tv_in1k,77.956,22.044,93.232,6.768,132.87,224,0.875,bilinear,7.573,3.424,0
vgg13.tv_in1k,77.227,22.773,92.692,7.308,133.05,224,0.875,bilinear,7.295,3.442,-1
efficientvit_m1.r224_in1k,76.388,23.612,92.542,7.458,2.98,224,0.875,bicubic,8.082,3.872,4
vgg11.tv_in1k,76.384,23.616,92.156,7.844,132.86,224,0.875,bilinear,7.362,3.532,-3
repghostnet_058.in1k,76.224,23.776,92.117,7.883,2.55,224,0.875,bicubic,7.31,3.697,-2
lcnet_075.ra2_in1k,76.036,23.964,92.06,7.94,2.36,224,0.875,bicubic,7.254,3.7,-4
mobilenetv3_small_100.lamb_in1k,74.921,25.078,91.487,8.512,2.54,224,0.875,bicubic,7.263,3.852,1
tf_mobilenetv3_small_100.in1k,74.725,25.275,91.266,8.735,2.54,224,0.875,bilinear,6.803,3.594,-2
tinynet_d.in1k,74.292,25.708,90.917,9.083,2.34,152,0.875,bicubic,7.32,3.851,0
repghostnet_050.in1k,74.236,25.764,90.808,9.191,2.31,224,0.875,bicubic,7.27,3.888,0
mnasnet_small.lamb_in1k,73.801,26.199,90.732,9.268,2.03,224,0.875,bicubic,7.605,4.228,0
mobilenetv2_050.lamb_in1k,73.47,26.53,90.317,9.682,1.97,224,0.875,bicubic,7.522,4.233,0
tf_mobilenetv3_small_075.in1k,72.814,27.186,90.051,9.949,2.04,224,0.875,bilinear,7.088,3.919,0
mobilenetv3_small_075.lamb_in1k,72.317,27.683,89.666,10.334,2.04,224,0.875,bicubic,7.081,4.22,-1
efficientvit_m0.r224_in1k,71.091,28.909,89.589,10.411,2.35,224,0.875,bicubic,7.821,4.413,0
lcnet_050.ra2_in1k,70.402,29.598,88.825,11.175,1.88,224,0.875,bicubic,7.264,4.443,0
tf_mobilenetv3_small_minimal_100.in1k,70.096,29.904,88.516,11.485,2.04,224,0.875,bilinear,7.202,4.278,0
tinynet_e.in1k,66.81,33.19,86.28,13.72,2.04,106,0.875,bicubic,6.944,4.518,0
mobilenetv3_small_050.lamb_in1k,64.697,35.303,84.858,15.142,1.59,224,0.875,bicubic,6.781,4.678,0
